trigger,direction,signal_def
F0,LONG,ATR_1M:hi + AT_Score_LT:hi + MultiDay_Slope:lo
F0,SHORT,ATR_1M:hi + Harmonic_LLEMA:hi + MultiDay_Position:lo
F0,LONG,ATR_1M:hi + RangeOsc_Val:lo + Micro_MomoTransfer:lo
F0,LONG,AT_Lookback_LT:hi + Micro_Amihud:hi + Micro_WickImbalance:lo
F0,SHORT,AT_Lookback_LT:hi + Micro_CSSpread:lo + Session_High_Dist_ATR:lo
F0,LONG,AT_Lookback_ST:hi + KAMA_Dist:lo + AT_Regime_ST:==1
F0,SHORT,AT_Lookback_ST:hi + Sqz_Val:hi + Micro_TickIntensity:hi
F0,SHORT,AT_Score_LT:hi + Micro_PriceAccel:hi + OR_High_Side:==-1
F0,SHORT,AT_Score_LT:hi + Micro_RollProxy:hi + TChan_A15:hi
F0,SHORT,AT_Score_LT:hi + Micro_VolAccel:hi + PrevDay_Close_Dist_ATR:lo
F0,SHORT,AT_Score_LT:hi + Volume_Ratio_10:hi + Volume:hi
F0,LONG,AT_Score_LT:lo + Bars_Since_Flip:hi + Micro_FailedBreak:lo
F0,SHORT,AT_Score_LT:lo + Micro_CSSpread:hi + OR_Position:lo
F0,LONG,AT_Score_LT:lo + Micro_FailedBreak:lo + Micro_WickImbalance:hi
F0,LONG,AT_Score_LT:lo + Micro_MicroGap:lo + Sqz_State:==-1
F0,LONG,AT_Score_LT:lo + RangeOsc_Val:lo + Upper_Wick:hi
F0,LONG,AT_Score_LT:lo + Slope_Accel_LT:hi + Micro_Hurst:lo
F0,LONG,AT_Score_ST:hi + Session_Low_Dist_ATR:lo + TChan_A15:hi
F0,SHORT,AT_Score_ST:hi + Volume_Ratio_10:hi + DailyOpen_Side:==1
F0,LONG,AT_Score_ST:lo + Micro_VolOfVol:hi + VAL_Dist_ATR:lo
F0,LONG,AT_Slope_LT:lo + Micro_HLAsymmetry:hi + D2D_DirStep:==-1
F0,LONG,AT_Slope_ST:hi + Dist_To_PoC_ATR:lo + Micro_VolOfVol:lo
F0,SHORT,AT_Slope_ST:hi + OR_High_Dist_ATR:hi + VWAP_Sigma:hi
F0,LONG,AT_Slope_ST:lo + KAMA_Dist:hi + RangeOsc_State:==-1
F0,LONG,AT_Slope_ST:lo + KAMA_Dist:hi + VWAP_Sigma_ATR:lo
F0,LONG,AT_Slope_ST:lo + Micro_Amihud:lo + Micro_Rejection:lo
F0,LONG,AT_Slope_ST:lo + Micro_AutoCorr:hi + Micro_HLAsymmetry:hi
F0,LONG,AT_Slope_ST:lo + Micro_AutoCorr:hi + OR_Low_Dist_ATR:hi
F0,LONG,AT_Slope_ST:lo + Micro_HLAsymmetry:hi + Micro_RangeAccel:lo
F0,LONG,AT_Slope_ST:lo + Micro_HLAsymmetry:lo + Micro_Rejection:lo
F0,LONG,AT_Slope_ST:lo + Micro_MomoTransfer:hi + VWAP_Sigma_ATR:lo
F0,LONG,AT_Slope_ST:lo + Micro_OrderFlowDelta:lo + RangeOsc_State:==2
F0,LONG,AT_Slope_ST:lo + Micro_PriceAccel:lo + Micro_TickIntensity:lo
F0,LONG,AT_Slope_ST:lo + Micro_RangeVelocity:hi + OR_Low_Side:==-1
F0,LONG,AT_Slope_ST:lo + Micro_RangeVelocity:hi + Round_100_Dist_ATR:lo
F0,LONG,AT_Slope_ST:lo + Micro_ThrustEff:hi + Sqz_State:==1
F0,LONG,AT_Slope_ST:lo + OBV_Macd:lo + Micro_BarOverlap:hi
F0,SHORT,AT_Slope_ST:lo + OBV_Velocity:hi + Micro_Amihud:lo
F0,LONG,AT_Slope_ST:lo + OBV_Velocity:hi + Micro_RollProxy:hi
F0,LONG,AT_Slope_ST:lo + OBVf_Signal:==-1 + RangeOsc_State:==-1
F0,SHORT,AT_Slope_ST:lo + Slope_Accel_ST:hi + ADX_Value:lo
F0,LONG,AT_Slope_ST:lo + VAH_Dist_ATR:lo + Upper_Wick:hi
F0,LONG,AT_Slope_ST:lo + VWAP_Side:==1 + WeeklyOpen_Side:==-1
F0,LONG,AT_Slope_ST:lo + WeeklyOpen_Dist_ATR:lo + Harmonic_D2D_Concordance:==0
F0,LONG,Bar_Range:hi + KAMA_Dist:lo + AT_Regime_ST:==1
F0,LONG,Bar_Range:hi + Micro_VolAccel:lo + ST_Flip_Event:==1
F0,SHORT,Bar_Range:hi + Session_High_Dist_ATR:lo + Body_Size:lo
F0,LONG,Bar_Range:hi + Sqz_Val:lo + Micro_Lambda:lo
F0,LONG,Bars_Since_Flip:hi + Micro_FailedBreak:lo + Session_Low_Dist_ATR:lo
F0,LONG,Bars_Since_Flip:hi + Micro_MicroGap:hi + MultiDay_Position:lo
F0,LONG,Bars_Since_Flip:hi + Micro_PriceAccel:lo + Session_Low_Dist_ATR:lo
F0,LONG,Bars_Since_Flip:hi + Momentum_Value:lo + OBVf_Signal:==1
F0,LONG,Bars_Since_Flip:hi + PrevDay_Low_Dist_ATR:lo + Volume:hi
F0,LONG,Bars_Since_Flip:hi + Slope_EMA_ST:hi + VWAP_Side:==-1
F0,LONG,Bars_Since_Flip:hi + TChan_A15:hi + VWAP_Side:==-1
F0,LONG,Bars_Since_Flip:hi + VA_Position:hi + OR_Low_Side:==-1
F0,LONG,Bars_Since_Flip:hi + VWAP_Sigma_ATR:lo + TChan_A15:hi
F0,LONG,Bars_Since_Flip:lo + Slope_Accel_LT:hi + PrevDay_High_Dist_ATR:hi
F0,LONG,D2D_ATR:hi + AT_Score_LT:hi + Lower_Wick:lo
F0,SHORT,D2D_ATR:hi + AT_Slope_ST:hi + Session_High_Dist_ATR:hi
F0,LONG,D2D_ATR:hi + RangeOsc_Val:lo + Micro_TickIntensity:hi
F0,LONG,D2D_ATR_MA:hi + DailyOpen_Dist_ATR:lo + ST_Flip_Event:==-1
F0,LONG,D2D_ATR_MA:hi + KAMA_Dist_ATR:hi + Session_Low_Dist_ATR:lo
F0,LONG,D2D_ATR_MA:hi + OBV_Macd:lo + Micro_Hurst:hi
F0,SHORT,D2D_Dn_Count:hi + EMA_Oscillator:lo + Micro_WickImbalance:lo
F0,SHORT,D2D_Dn_Count:hi + Micro_CSSpread:lo + OR_Position:lo
F0,SHORT,D2D_Dn_Count:hi + Volume_Avg_10:hi + Micro_VPIN:hi
F0,SHORT,D2D_Dynamic_Sensitivity:lo + Micro_GarmanKlass:hi + Micro_TickIntensity:hi
F0,LONG,D2D_Dynamic_Sensitivity:lo + Micro_MomoTransfer:hi + TChan_A15:hi
F0,SHORT,D2D_Dynamic_Sensitivity:lo + Micro_ThrustEff:lo + Micro_WickImbalance:lo
F0,LONG,D2D_Dynamic_Sensitivity:lo + Micro_VolAccel:lo + OR_Low_Side:==-1
F0,LONG,D2D_Dynamic_Sensitivity:lo + Momentum_Value:lo + D2D_DirStep:==-1
F0,LONG,D2D_Dynamic_Sensitivity:lo + Slope_Accel_ST:lo + OR_Low_Side:==-1
F0,SHORT,D2D_Persist:hi + Micro_Amihud:lo + Micro_OrderFlowDelta:lo
F0,SHORT,D2D_Persist:hi + Micro_IBSP:lo + Harmonic_OBVf_Concordance:==0
F0,SHORT,D2D_Persist:hi + Micro_RangeVelocity:hi + OR_Low_Side:==1
F0,LONG,D2D_Up_Count:hi + AT_Lookback_LT:hi + VWAP_Side:==-1
F0,LONG,D2D_Up_Count:hi + AT_Slope_ST:lo + Harmonic_OBVf_Concordance:==0
F0,LONG,D2D_Up_Count:hi + Micro_CSSpread:lo + Round_1000_Dist_ATR:lo
F0,LONG,D2D_Up_Count:hi + Micro_RangeAccel:lo + Upper_Wick:hi
F0,LONG,D2D_Up_Count:hi + PrevDay_High_Dist_ATR:lo + VWAP_Sigma:hi
F0,LONG,EMA_Oscillator:hi + Micro_Hurst:hi + AT_Regime_ST:==1
F0,LONG,EMA_Oscillator:hi + Momentum_Value:lo + VWAP_Sigma:hi
F0,SHORT,EMA_Oscillator:lo + Momentum_Value:hi + Micro_FailedBreak:hi
F0,SHORT,Efficiency_Ratio:hi + Micro_WickImbalance:lo + VAL_Side:==-1
F0,LONG,Efficiency_Ratio:hi + Upper_Wick:hi + D2D_Signal:==1
F0,LONG,Harmonic_LLEMA:hi + Micro_OrderFlowDelta:lo + RangeOsc_State:==-2
F0,SHORT,Harmonic_OBVf_Concordance:==1 + VAH_Side:==0 + PrevDay_Low_Side:==1
F0,SHORT,KAMA_Dist:hi + Micro_Hurst:hi + Lower_Wick:hi
F0,SHORT,KAMA_Dist:hi + Micro_IBSP:hi + DailyOpen_Side:==-1
F0,SHORT,KAMA_Dist:hi + Micro_LogReturn:lo + TChan_A15:hi
F0,LONG,KAMA_Dist:hi + MultiDay_Position:lo + ST_Flip_Event:==-1
F0,LONG,KAMA_Dist:hi + RangeOsc_Val:lo + MultiDay_Position:lo
F0,LONG,KAMA_Dist:hi + ST_Flip_Event:==-1 + DailyOpen_Side:==-1
F0,LONG,KAMA_Dist:lo + ADX_Value:lo + Volume:hi
F0,LONG,KAMA_Dist:lo + Micro_RangeAccel:lo + MultiDay_Position:lo
F0,LONG,KAMA_Dist:lo + Micro_Rejection:hi + Volume:hi
F0,LONG,KAMA_Dist:lo + Micro_VPIN:lo + WeeklyOpen_Dist_ATR:lo
F0,LONG,KAMA_Dist:lo + Micro_WickImbalance:hi + Harmonic_OBVf_Concordance:==0
F0,LONG,KAMA_Dist:lo + VWAP_Dist_ATR:lo + Sqz_State:==1
F0,LONG,KAMA_Dist:lo + VWAP_Sigma:hi + AT_Regime_ST:==1
F0,SHORT,KAMA_Dist_ATR:hi + D2D_DirStep:==1 + OR_High_Side:==-1
F0,LONG,KAMA_Dist_ATR:hi + EMA_Oscillator:hi + Session_Low_Dist_ATR:lo
F0,LONG,KAMA_Dist_ATR:hi + Micro_FractalDim:lo + Session_Low_Dist_ATR:lo
F0,LONG,KAMA_Dist_ATR:hi + PrevDay_Low_Dist_ATR:lo + Session_Low_Dist_ATR:lo
F0,LONG,KAMA_Slope:lo + Micro_HLAsymmetry:lo + VAL_Dist_ATR:lo
F0,LONG,KAMA_Slope:lo + Micro_RollProxy:lo + AT_Regime_ST:==1
F0,LONG,KAMA_Slope:lo + Micro_RollProxy:lo + PrevDay_High_Side:==-1
F0,LONG,KAMA_Slope:lo + Micro_VolOfVol:hi + Harmonic_OBVf_Concordance:==0
F0,LONG,KAMA_Slope:lo + Sqz_Val:lo + Micro_MomoTransfer:lo
F0,SHORT,Micro_Amihud:hi + Micro_VolOfVol:lo + Micro_WickImbalance:hi
F0,SHORT,Micro_Amihud:lo + Micro_CSSpread:hi + VA_Position:hi
F0,SHORT,Micro_Amihud:lo + Micro_LogReturn:hi + Micro_MicroGap:lo
F0,LONG,Micro_Amihud:lo + WeeklyOpen_Dist_ATR:hi + OR_Low_Side:==-1
F0,SHORT,Micro_AutoCorr:lo + Micro_FractalDim:lo + Micro_HLAsymmetry:hi
F0,LONG,Micro_BarEntropy:lo + Micro_LogReturn:lo + Upper_Wick:hi
F0,LONG,Micro_BarEntropy:lo + Micro_MicroGap:hi + Micro_Rejection:hi
F0,LONG,Micro_BarEntropy:lo + PrevDay_High_Side:==1 + OR_Low_Side:==-1
F0,SHORT,Micro_CSSpread:lo + Micro_OrderFlowDelta:lo + ST_Flip_Event:==-1
F0,LONG,Micro_Entropy:hi + Micro_OrderFlowDelta:hi + Micro_VolOfVol:hi
F0,LONG,Micro_Entropy:lo + Micro_MicroGap:lo + PrevDay_Low_Side:==-1
F0,LONG,Micro_Entropy:lo + MultiDay_Slope:hi + OR_Low_Side:==-1
F0,SHORT,Micro_FailedBreak:hi + Micro_PriceAccel:lo + MultiDay_Slope:hi
F0,LONG,Micro_FailedBreak:hi + Micro_Rejection:lo + Volume:hi
F0,LONG,Micro_FailedBreak:hi + Micro_ThrustEff:lo + Volume:hi
F0,SHORT,Micro_FailedBreak:hi + VWAP_Sigma_ATR:lo + VAH_Side:==0
F0,LONG,Micro_FailedBreak:lo + Micro_HLAsymmetry:hi + AT_Regime_ST:==1
F0,LONG,Micro_FailedBreak:lo + Micro_Rejection:lo + Lower_Wick:hi
F0,LONG,Micro_FailedBreak:lo + Micro_VolAccel:lo + RangeOsc_State:==-1
F0,LONG,Micro_FailedBreak:lo + OR_Position:lo + PrevDay_High_Side:==1
F0,LONG,Micro_FractalDim:hi + Micro_Hurst:hi + OR_Position:lo
F0,LONG,Micro_FractalDim:lo + Micro_MicroGap:lo + RangeOsc_State:==-1
F0,LONG,Micro_FractalDim:lo + WeeklyOpen_Dist_ATR:lo + RangeOsc_State:==2
F0,LONG,Micro_GarmanKlass:hi + Session_High_Dist_ATR:hi + OR_Position:hi
F0,SHORT,Micro_HLAsymmetry:hi + Micro_ThrustEff:lo + TChan_A15:hi
F0,SHORT,Micro_HLAsymmetry:lo + PrevDay_Low_Dist_ATR:lo + Session_Low_Side:==0
F0,SHORT,Micro_Hurst:hi + Micro_Lambda:hi + Micro_RangeVelocity:lo
F0,SHORT,Micro_Hurst:hi + Micro_WickImbalance:lo + PrevDay_Low_Dist_ATR:hi
F0,LONG,Micro_Lambda:hi + Upper_Wick:hi + D2D_Signal:==1
F0,SHORT,Micro_Lambda:lo + Micro_MicroGap:hi + RangeOsc_State:==2
F0,LONG,Micro_Lambda:lo + Micro_RollProxy:hi + PrevDay_Close_Dist_ATR:hi
F0,LONG,Micro_Lambda:lo + Micro_RollProxy:hi + Session_Low_Dist_ATR:lo
F0,SHORT,Micro_LogReturn:hi + Micro_ThrustEff:lo + Micro_WickImbalance:lo
F0,LONG,Micro_LogReturn:hi + Micro_VPIN:lo + D2D_DirStep:==-1
F0,LONG,Micro_MicroGap:lo + RangeOsc_State:==-2 + PrevDay_Low_Side:==-1
F0,LONG,Micro_MomoTransfer:hi + Micro_RangeVelocity:lo + Round_1000_Dist_ATR:lo
F0,LONG,Micro_MomoTransfer:lo + PrevDay_High_Dist_ATR:lo + ST_Flip_Event:==1
F0,SHORT,Micro_MomoTransfer:lo + TChan_A15:hi + VAL_Side:==-1
F0,LONG,Micro_OrderFlowDelta:hi + Micro_Rejection:lo + D2D_DirStep:==1
F0,LONG,Micro_OrderFlowDelta:hi + Micro_Rejection:lo + Lower_Wick:lo
F0,LONG,Micro_OrderFlowDelta:hi + MultiDay_Position:lo + ST_Flip_Event:==-1
F0,LONG,Micro_OrderFlowDelta:lo + VWAP_Sigma:lo + Volume:hi
F0,LONG,Micro_RangeAccel:hi + DailyOpen_Dist_ATR:hi + RangeOsc_State:==-2
F0,LONG,Micro_RangeAccel:lo + D2D_Signal:==1 + WeeklyOpen_Side:==-1
F0,LONG,Micro_RollProxy:lo + Body_Size:lo + PrevDay_Close_Side:==-1
F0,LONG,Micro_TickIntensity:hi + MultiDay_Slope:hi + Body_Size:hi
F0,LONG,Micro_TickIntensity:hi + OR_Low_Dist_ATR:hi + VWAP_Sigma_ATR:lo
F0,LONG,Micro_TickIntensity:lo + Micro_VolAccel:lo + ST_Flip_Event:==1
F0,SHORT,Micro_VPIN:hi + Round_500_Dist_ATR:lo + Session_Low_Side:==0
F0,LONG,Micro_VPIN:lo + Upper_Wick:hi + ST_Flip_Event:==-1
F0,LONG,Micro_VolAccel:lo + PrevDay_High_Side:==1 + OR_Low_Side:==-1
F0,LONG,Micro_WickImbalance:hi + Lower_Wick:lo + WeeklyOpen_Side:==-1
F0,LONG,Micro_WickImbalance:hi + RangeOsc_State:==-2 + WeeklyOpen_Side:==-1
F0,SHORT,Micro_WickImbalance:lo + D2D_Signal:==-1 + RangeOsc_State:==-1
F0,SHORT,Micro_WickImbalance:lo + DailyOpen_Dist_ATR:lo + PoC_Side:==0
F0,SHORT,Momentum_Value:hi + Efficiency_Ratio:hi + DailyOpen_Dist_ATR:lo
F0,SHORT,Momentum_Value:hi + Micro_Entropy:lo + VWAP_Dist_ATR:lo
F0,SHORT,Momentum_Value:hi + Micro_RangeVelocity:lo + Lower_Wick:lo
F0,LONG,Momentum_Value:hi + MultiDay_Position:lo + ST_Flip_Event:==1
F0,SHORT,Momentum_Value:hi + OR_Position:hi + RangeOsc_State:==2
F0,SHORT,Momentum_Value:hi + Session_Low_Dist_ATR:lo + DailyOpen_Side:==1
F0,LONG,Momentum_Value:lo + Micro_Amihud:hi + Micro_VolOfVol:hi
F0,SHORT,Momentum_Value:lo + Micro_BarEntropy:hi + VAH_Side:==0
F0,LONG,Momentum_Value:lo + Micro_GarmanKlass:hi + VWAP_Dist_ATR:hi
F0,LONG,Momentum_Value:lo + Micro_HLAsymmetry:lo + OR_Low_Dist_ATR:hi
F0,LONG,Momentum_Value:lo + Micro_VPIN:hi + PrevDay_High_Side:==1
F0,LONG,Momentum_Value:lo + Micro_WickImbalance:hi + OR_High_Side:==-1
F0,LONG,Momentum_Value:lo + MultiDay_Position:hi + VWAP_Z:hi
F0,LONG,Momentum_Value:lo + OR_Low_Dist_ATR:hi + Sqz_State:==1
F0,LONG,Momentum_Value:lo + OR_Low_Dist_ATR:hi + WeeklyOpen_Dist_ATR:lo
F0,SHORT,MultiDay_Position:lo + VAH_Side:==0 + PrevDay_Low_Side:==1
F0,LONG,OBV_Macd:hi + Micro_Amihud:lo + Session_Low_Dist_ATR:lo
F0,SHORT,OBV_Macd:hi + Micro_Amihud:lo + VWAP_Dist_ATR:lo
F0,SHORT,OBV_Macd:hi + Micro_Lambda:hi + OR_High_Dist_ATR:hi
F0,SHORT,OBV_Macd:hi + PrevDay_Close_Dist_ATR:hi + OR_High_Side:==-1
F0,LONG,OBV_Macd:hi + VAH_Dist_ATR:lo + PrevDay_Close_Side:==-1
F0,LONG,OBV_Macd:lo + Body_Size:lo + TChan_A15:hi
F0,LONG,OBV_Macd:lo + KAMA_Dist:hi + PrevDay_Low_Side:==-1
F0,LONG,OBV_Macd:lo + KAMA_Dist_ATR:hi + Efficiency_Ratio:hi
F0,LONG,OBV_Macd:lo + KAMA_Dist_ATR:hi + Momentum_Value:hi
F0,LONG,OBV_Macd:lo + KAMA_Dist_ATR:hi + Round_100_Dist_ATR:lo
F0,LONG,OBV_Macd:lo + Micro_GarmanKlass:hi + Body_Size:lo
F0,LONG,OBV_Macd:lo + Micro_Hurst:hi + OR_High_Side:==-1
F0,LONG,OBV_Macd:lo + Micro_MicroGap:lo + Lower_Wick:hi
F0,LONG,OBV_Macd:lo + Micro_MicroGap:lo + Micro_WickImbalance:lo
F0,LONG,OBV_Macd:lo + Micro_RangeAccel:hi + Micro_Rejection:lo
F0,LONG,OBV_Macd:lo + Micro_Rejection:lo + Session_Low_Dist_ATR:lo
F0,LONG,OBV_Macd:lo + Micro_Rejection:lo + VWAP_Sigma_ATR:lo
F0,LONG,OBV_Macd:lo + Volume_Ratio_10:hi + Micro_FractalDim:lo
F0,SHORT,OBV_Velocity:hi + Micro_BarOverlap:hi + Body_Size:hi
F0,SHORT,OBV_Velocity:hi + Micro_RollProxy:hi + PrevDay_Close_Side:==1
F0,SHORT,OBV_Velocity:hi + Micro_WickImbalance:lo + DailyOpen_Side:==1
F0,SHORT,OBV_Velocity:hi + OR_High_Dist_ATR:hi + VWAP_Z:lo
F0,SHORT,OBV_Velocity:hi + OR_Position:hi + VWAP_Side:==1
F0,SHORT,OBV_Velocity:hi + Sqz_Val:hi + Lower_Wick:lo
F0,LONG,OBV_Velocity:lo + Micro_AutoCorr:hi + AT_Regime_ST:==1
F0,LONG,OBV_Velocity:lo + Micro_AutoCorr:hi + Micro_PriceAccel:hi
F0,LONG,OBV_Velocity:lo + Micro_VPIN:lo + VWAP_Sigma_ATR:lo
F0,LONG,OBV_Velocity:lo + Micro_VolOfVol:hi + OR_Position:lo
F0,LONG,OBV_Velocity:lo + OR_Position:lo + PrevDay_Low_Side:==1
F0,LONG,OBVf_DirStepCount:hi + Micro_VolOfVol:hi + OR_Position:lo
F0,LONG,OBVf_DirStepCount:lo + DailyOpen_Dist_ATR:lo + PrevDay_Low_Side:==-1
F0,SHORT,OBVf_DirStepCount:lo + Micro_Rejection:lo + Micro_WickImbalance:hi
F0,LONG,OBVf_DirStepCount:lo + Micro_Rejection:lo + PrevDay_Low_Side:==-1
F0,LONG,OBVf_DirStepCount:lo + PrevDay_Close_Side:==1 + OR_Low_Side:==-1
F0,LONG,OBVf_DirStepCount:lo + Round_500_Dist_ATR:lo + D2D_Signal:==1
F0,LONG,OR_Low_Dist_ATR:hi + WeeklyOpen_Dist_ATR:hi + AT_Regime_LT:==1
F0,LONG,PrevDay_High_Dist_ATR:lo + OBVf_Signal:==-1 + PrevDay_Low_Side:==-1
F0,LONG,RangeOsc_Val:hi + Micro_RollProxy:lo + ST_Flip_Event:==1
F0,LONG,RangeOsc_Val:lo + Micro_Amihud:hi + Round_500_Dist_ATR:lo
F0,LONG,RangeOsc_Val:lo + Micro_BarEntropy:lo + DailyOpen_Dist_ATR:lo
F0,LONG,RangeOsc_Val:lo + Micro_BarOverlap:lo + DailyOpen_Dist_ATR:lo
F0,LONG,RangeOsc_Val:lo + Micro_LogReturn:lo + AT_Regime_ST:==1
F0,LONG,RangeOsc_Val:lo + Micro_MomoTransfer:lo + Micro_VolOfVol:hi
F0,LONG,RangeOsc_Val:lo + Micro_Rejection:lo + OR_Low_Side:==-1
F0,LONG,RangeOsc_Val:lo + Micro_VolOfVol:hi + DailyOpen_Dist_ATR:lo
F0,LONG,RangeOsc_Val:lo + Round_500_Dist_ATR:lo + Upper_Wick:hi
F0,SHORT,RangeOsc_Val:lo + VA_Position:hi + Body_Size:lo
F0,SHORT,Round_500_Dist_ATR:lo + RangeOsc_State:==2 + ST_Flip_Event:==1
F0,LONG,Slope_Accel_LT:hi + Momentum_Value:lo + OR_Low_Dist_ATR:hi
F0,LONG,Slope_Accel_LT:hi + OR_High_Dist_ATR:hi + RangeOsc_State:==-2
F0,LONG,Slope_Accel_LT:hi + OR_High_Dist_ATR:hi + RangeOsc_State:==2
F0,LONG,Slope_Accel_LT:hi + PrevDay_Low_Side:==-1 + DailyOpen_Side:==1
F0,LONG,Slope_Accel_LT:hi + Slope_Accel_ST:lo + ADX_Value:lo
F0,LONG,Slope_Accel_LT:hi + Sqz_Val:lo + Micro_VPIN:lo
F0,LONG,Slope_Accel_LT:hi + Upper_Wick:hi + RangeOsc_State:==-2
F0,LONG,Slope_Accel_LT:lo + KAMA_Dist:hi + Volume_Ratio_10:hi
F0,SHORT,Slope_Accel_LT:lo + KAMA_Slope:hi + Micro_IBSP:hi
F0,SHORT,Slope_Accel_LT:lo + Micro_FailedBreak:hi + VAH_Side:==0
F0,LONG,Slope_Accel_LT:lo + Micro_Hurst:hi + Micro_ThrustEff:hi
F0,LONG,Slope_Accel_LT:lo + Micro_Hurst:hi + Upper_Wick:hi
F0,LONG,Slope_Accel_LT:lo + Micro_LogReturn:hi + Micro_RollProxy:hi
F0,LONG,Slope_Accel_LT:lo + Micro_LogReturn:hi + Micro_VolAccel:lo
F0,LONG,Slope_Accel_LT:lo + Micro_LogReturn:hi + Volume:hi
F0,LONG,Slope_Accel_LT:lo + Micro_RangeAccel:lo + Micro_RollProxy:lo
F0,LONG,Slope_Accel_LT:lo + Micro_VolAccel:lo + Round_1000_Dist_ATR:lo
F0,LONG,Slope_Accel_LT:lo + Micro_VolAccel:lo + Round_500_Dist_ATR:lo
F0,SHORT,Slope_Accel_LT:lo + PrevDay_Close_Dist_ATR:hi + D2D_DirStep:==1
F0,SHORT,Slope_Accel_LT:lo + PrevDay_High_Dist_ATR:lo + WeeklyOpen_Dist_ATR:hi
F0,LONG,Slope_Accel_LT:lo + Round_100_Dist_ATR:lo + D2D_DirStep:==-1
F0,LONG,Slope_Accel_LT:lo + VWAP_Sigma_ATR:lo + D2D_DirStep:==1
F0,SHORT,Slope_Accel_LT:lo + Volume_Ratio_10:lo + Round_500_Dist_ATR:lo
F0,SHORT,Slope_Accel_ST:hi + Efficiency_Ratio:hi + VA_Position:hi
F0,LONG,Slope_Accel_ST:hi + Efficiency_Ratio:lo + Micro_BarOverlap:lo
F0,SHORT,Slope_Accel_ST:hi + Micro_AutoCorr:hi + ADX_Value:lo
F0,SHORT,Slope_Accel_ST:hi + Micro_Hurst:hi + VA_Position:hi
F0,SHORT,Slope_Accel_ST:lo + OBV_Velocity:lo + OBVf_DirStepCount:lo
F0,SHORT,Slope_EMA_LT:hi + Micro_VPIN:lo + OR_High_Side:==-1
F0,SHORT,Slope_EMA_LT:hi + MultiDay_Slope:hi + PrevDay_Close_Side:==-1
F0,LONG,Slope_EMA_LT:lo + Micro_GarmanKlass:hi + ST_Flip_Event:==-1
F0,LONG,Slope_EMA_LT:lo + Session_Low_Dist_ATR:lo + ADX_Value:hi
F0,SHORT,Slope_EMA_ST:hi + Body_Size:lo + Lower_Wick:hi
F0,SHORT,Slope_EMA_ST:hi + KAMA_Dist:hi + DailyOpen_Side:==-1
F0,SHORT,Slope_EMA_ST:hi + KAMA_Dist:hi + Micro_RangeAccel:lo
F0,LONG,Slope_EMA_ST:lo + KAMA_Slope:hi + Micro_MomoTransfer:hi
F0,LONG,Slope_EMA_ST:lo + Micro_Amihud:hi + DailyOpen_Dist_ATR:lo
F0,LONG,Slope_EMA_ST:lo + Micro_HLAsymmetry:hi + D2D_DirStep:==-1
F0,LONG,Slope_EMA_ST:lo + Micro_MicroGap:lo + AT_Regime_LT:==1
F0,LONG,Slope_EMA_ST:lo + Micro_RangeVelocity:hi + Micro_VolAccel:lo
F0,LONG,Slope_EMA_ST:lo + Micro_Rejection:lo + PrevDay_High_Dist_ATR:lo
F0,LONG,Slope_EMA_ST:lo + Micro_TickIntensity:lo + PrevDay_Low_Side:==1
F0,LONG,Slope_EMA_ST:lo + Momentum_Value:hi + Micro_Amihud:hi
F0,SHORT,Slope_EMA_ST:lo + OBV_Velocity:hi + Micro_BarOverlap:lo
F0,LONG,Slope_EMA_ST:lo + Round_1000_Dist_ATR:lo + OR_Position:lo
F0,LONG,Slope_EMA_ST:lo + Session_Low_Dist_ATR:lo + Harmonic_D2D_Concordance:==0
F0,SHORT,Sqz_Val:hi + Micro_AutoCorr:lo + OR_High_Dist_ATR:hi
F0,LONG,Sqz_Val:hi + Micro_Hurst:hi + VAH_Dist_ATR:lo
F0,SHORT,Sqz_Val:hi + PrevDay_High_Dist_ATR:hi + TChan_A15:hi
F0,LONG,Sqz_Val:lo + Efficiency_Ratio:hi + Micro_Lambda:lo
F0,LONG,Sqz_Val:lo + Efficiency_Ratio:hi + Micro_RangeAccel:lo
F0,LONG,Sqz_Val:lo + Efficiency_Ratio:lo + Micro_AutoCorr:hi
F0,LONG,Sqz_Val:lo + Micro_FractalDim:lo + Round_100_Dist_ATR:lo
F0,LONG,Sqz_Val:lo + Micro_Lambda:lo + Round_100_Dist_ATR:lo
F0,SHORT,Sqz_Val:lo + PrevDay_Low_Dist_ATR:hi + OR_Position:hi
F0,LONG,Sqz_Val:lo + WeeklyOpen_Dist_ATR:lo + ADX_Value:lo
F0,LONG,VWAP_Dist_ATR:lo + Round_1000_Dist_ATR:lo + ST_Flip_Event:==-1
F0,LONG,VWAP_Dist_ATR:lo + VAL_Dist_ATR:lo + ST_Flip_Event:==-1
F0,SHORT,VWAP_Side:==1 + PrevDay_Low_Side:==-1 + OR_High_Side:==-1
F0,LONG,Volume:hi + PrevDay_Low_Side:==-1 + OR_Low_Side:==1
F0,LONG,Volume_Avg_10:hi + Micro_Entropy:lo + VAH_Dist_ATR:lo
F0,LONG,Volume_Avg_10:hi + Micro_Lambda:hi + RangeOsc_State:==-2
F0,LONG,Volume_Avg_10:hi + Micro_WickImbalance:lo + VWAP_Sigma:lo
F0,SHORT,Volume_Avg_10:hi + WeeklyOpen_Dist_ATR:hi + PrevDay_High_Side:==1
F0,LONG,Volume_Ratio_10:hi + Momentum_Value:lo + Micro_Amihud:hi
F0,LONG,Volume_Ratio_10:hi + OR_Position:hi + PrevDay_Low_Side:==-1
F0,SHORT,Volume_Ratio_10:lo + Volume:hi + PrevDay_High_Side:==1
F0,LONG,WeeklyOpen_Dist_ATR:hi + Upper_Wick:hi + OR_Low_Side:==-1
